N°162337 - BASIQUE - Planche N°27057,4294198070,6-16-36-76-80-8-18-25-31-78-28-42-51-66-89-
N°162338 - BASIQUE - Planche N°27057,4294198070,12-57-63-75-90-38-47-64-71-85-3-23-33-45-52-
N°162339 - BASIQUE - Planche N°27057,4294198070,1-14-22-49-88-10-32-53-70-82-9-29-44-59-60-
N°162340 - BASIQUE - Planche N°27057,4294198070,7-24-46-73-86-17-26-39-50-68-15-30-58-65-79-
N°162341 - BASIQUE - Planche N°27057,4294198070,4-11-40-56-74-5-20-35-61-81-27-37-48-69-83-
N°162342 - BASIQUE - Planche N°27057,4294198070,2-19-21-55-62-13-43-67-77-84-34-41-54-72-87-
N°187057 - BASIQUE - Planche N°31177,4294198070,5-27-35-67-75-12-36-50-78-89-20-41-58-61-88-
N°187058 - BASIQUE - Planche N°31177,4294198070,16-34-47-57-69-9-29-62-72-81-38-43-54-71-80-
N°187059 - BASIQUE - Planche N°31177,4294198070,7-17-24-73-86-2-32-45-55-64-14-23-40-65-85-
N°187060 - BASIQUE - Planche N°31177,4294198070,8-10-28-39-42-19-56-60-70-87-31-44-51-63-76-
N°187061 - BASIQUE - Planche N°31177,4294198070,1-11-46-79-82-21-53-68-77-83-3-18-25-30-52-
N°187062 - BASIQUE - Planche N°31177,4294198070,6-33-59-66-90-15-22-49-74-84-4-13-26-37-48-
N°110317 - BASIQUE - Planche N°18387,4294198070,1-16-27-67-77-20-34-51-69-81-8-19-43-76-83-
N°110318 - BASIQUE - Planche N°18387,4294198070,26-44-66-78-85-7-14-42-57-72-9-15-21-35-90-
N°110319 - BASIQUE - Planche N°18387,4294198070,36-58-60-71-84-4-10-29-49-56-18-32-62-74-87-
N°110320 - BASIQUE - Planche N°18387,4294198070,24-55-65-79-80-6-12-25-37-41-5-33-40-50-64-
N°110321 - BASIQUE - Planche N°18387,4294198070,17-39-45-54-61-22-48-59-63-89-2-11-30-70-88-
N°110322 - BASIQUE - Planche N°18387,4294198070,28-47-52-68-75-31-46-53-73-86-3-13-23-38-82-
N°129439 - BINGO LOTO - Planche N°21574,4294198070,10-22-40-61-77-6-34-45-58-86-29-35-59-75-82-
N°129440 - BINGO LOTO - Planche N°21574,4294198070,13-20-57-65-76-5-18-38-48-81-1-27-47-69-84-
N°129441 - BINGO LOTO - Planche N°21574,4294198070,4-23-41-56-67-8-39-53-60-88-14-24-36-70-89-
N°129442 - BINGO LOTO - Planche N°21574,4294198070,11-28-49-52-87-17-26-31-66-78-2-32-55-62-73-
N°129443 - BINGO LOTO - Planche N°21574,4294198070,21-37-44-50-68-19-46-64-79-90-3-12-51-72-85-
N°129444 - BINGO LOTO - Planche N°21574,4294198070,7-15-25-43-54-9-16-30-71-80-33-42-63-74-83-
N°225967 - BINGO LOTO - Planche N°37662,4294198070,7-14-25-71-84-13-22-44-63-81-2-39-48-59-64-
N°225968 - BINGO LOTO - Planche N°37662,4294198070,21-32-45-52-62-9-19-23-35-90-10-50-61-72-88-
N°225969 - BINGO LOTO - Planche N°37662,4294198070,17-51-69-79-87-3-28-49-70-89-8-27-33-47-58-
N°225970 - BINGO LOTO - Planche N°37662,4294198070,5-12-57-68-75-20-30-42-53-67-29-36-46-76-83-
N°225971 - BINGO LOTO - Planche N°37662,4294198070,18-34-65-74-86-6-15-26-40-54-37-43-55-73-80-
N°225972 - BINGO LOTO - Planche N°37662,4294198070,4-16-24-31-41-1-56-66-77-85-11-38-60-78-82-
N°7700 - BINGO LOTO - Planche N°1285,4294198070,1-10-29-30-64-5-42-62-74-85-27-47-54-70-90-
N°7701 - BINGO LOTO - Planche N°1285,4294198070,7-26-31-66-71-15-21-48-53-82-2-12-36-58-72-
N°7702 - BINGO LOTO - Planche N°1285,4294198070,23-57-60-79-89-14-25-35-65-87-3-11-38-44-77-
N°7703 - BINGO LOTO - Planche N°1285,4294198070,9-16-28-37-69-39-46-51-73-88-17-40-56-75-81-
N°7704 - BINGO LOTO - Planche N°1285,4294198070,19-32-45-68-78-18-20-33-59-83-6-49-55-67-84-
N°7705 - BINGO LOTO - Planche N°1285,4294198070,13-24-43-61-80-4-22-34-41-50-8-52-63-76-86-
